{"red": {"plane_0": [5897.4739923511515, 12551.857490329829, 30, 0], "plane_1": [5897.4739923511515, 12551.857490329829, 30, 0], "plane_2": [5897.4739923511515, 12551.857490329829, 30, 0], "plane_3": [5897.4739923511515, 12551.857490329829, 30, 0], "plane_4": [7193.620646579646, 23174.543733826442, 30, 0], "plane_5": [7193.620646579646, 23174.543733826442, 30, 0], "plane_6": [7193.620646579646, 23174.543733826442, 30, 0], "plane_7": [7193.620646579646, 23174.543733826442, 30, 0]}, "blue": {"microwave_0": [30000, 15000]}}